{"window":{"fullscreen":0,"resizable":1,"borderless":0,"fullscreen_desktop":0,"width":1680,"height":987,"brightness":1.0},"renderer":{"msaa":1,"msaa_level":2,"picker_debug":0,"light_debug":0,"quadtree_debug":0,"grid_debug":0,"current_scale":100,"depthTest":1,"wireframe":0,"vsync":0,"frustumMainCamera":1,"skybox":1,"gammaCorrector":2.200000047683716,"exposure":1.0,"bloomSpread":80.0,"kernelRadius":10},"camera":{"position":[-2555.917236328125,2674.515380859375,3575.7119140625],"forward":[-0.3130638599395752,-0.6144228577613831,-0.7242068648338318],"up":[-0.2438085973262787,0.7889593839645386,-0.5640040040016174],"movement":5.0,"rotation":200.0,"zoom":0.10000000149011612,"fov":1.0452078580856324,"znear":10.0,"zfar":100000.0},"textures":{"filter":3},"camera":{"position":[-2555.917236328125,2674.515380859375,3575.7119140625],"forward":[-0.3130638599395752,-0.6144228577613831,-0.7242068648338318],"up":[-0.2438085973262787,0.7889593839645386,-0.5640040040016174],"movement":5.0,"rotation":200.0,"zoom":0.10000000149011612,"fov":1.0452078580856324,"znear":10.0,"zfar":100000.0},"navigation":{"Cellwidth":21.0,"StepHeight":49.58000183105469,"Generated":1,"DrawNavMesh":1},"scene":{"sphereUID":4069615675,"cubeUID":3441925136,"ambient":[0.05764579027891159,0.07771362364292145,0.10655736923217774],"defaultscene":"MenuScene","sizeScene":10000}}