{"window":{"fullscreen":0,"resizable":1,"borderless":0,"fullscreen_desktop":0,"width":1920,"height":1057,"brightness":1.0},"renderer":{"msaa":1,"msaa_level":8,"picker_debug":0,"light_debug":0,"quadtree_debug":0,"grid_debug":0,"current_scale":100,"depthTest":1,"wireframe":0,"vsync":1,"frustumMainCamera":0,"skybox":1},"camera":{"position":[925.6096801757813,1082.74462890625,493.716064453125],"forward":[-0.6626594662666321,-0.34036391973495486,-0.6671093106269836],"up":[-0.23973189294338227,0.9403625726699829,-0.24134378135204316],"movement":5.0,"rotation":200.0,"zoom":50.0,"fov":0.6981316804885864,"znear":10.0,"zfar":100000.0},"textures":{"filter":3},"scene":{"sphereUID":4069615675,"cubeUID":3441925136,"ambient":[0.24590164422988892,0.24589918553829194,0.24589918553829194],"defaultscene":"UnityScene"}}